{"faces":[[6,0,1,1,4,2,7,3,6,4,4,5,3,6,1,7,2,8,1,9,10,10,0,11,4,2,0,11,10,10,3,6,10,12,1,7,2,13,10,12,3,6,5,14,1,15,0,16,1,15,5,14,4,17,0,18,4,17,5,14,6,19,7,20,9,21,4,2,8,22,7,20,2,23,1,24,9,25,11,26,2,23,9,25,9,27,8,22,10,10,4,2,10,10,8,22,1,1,6,19,9,21,11,26,9,25,10,28,2,29,11,26,10,28,7,30,8,31,9,32]],"materials":["Texture_0.jpeg"],"normals":[-0.2288038134574890,-0.1555758863687515,-0.07222095131874084,0.4428950846195221,0.01985225081443787,-0.4361127018928528,0.5558156371116638,-0.1217052787542343,0.1236072927713394,-0.03256642073392868,-0.03896591439843178,-0.1184937208890915,-0.5338919162750244,0.2630813419818878,-0.1255830377340317,0.02899890393018723,0.03513479605317116,-0.04668957740068436,0.1524944007396698,0.1071957573294640,-0.02845725044608116,-0.06999377906322479,0.1358794569969177,0.1234024539589882,-0.1995379775762558,0.015027254819870,0.1298173218965530,0.6387922763824463,-0.05252601578831673,0.4465256333351135,-0.7181507945060730,-0.1597508192062378,-0.1365274488925934,-0.03605176135897636,-0.04764695838093758,0.1407320052385330],"skeletonLibs":[13,46,50,63,80,98,106,115,117,134,136,154],"type":0,"uvs":[0.5008473396301270,0.6101405024528503,0.5518728494644165,0.4976321756839752,0.5399514436721802,0.6845548748970032,0.7093243002891541,0.1255844235420227,0.4964094758033752,0.1434181481599808,0.6580839753150940,0.08053229749202728,0.8687098622322083,0.04532709345221519,0.8411530256271362,0.4275055825710297,0.7734627723693848,0.2996538579463959,0.6134985089302063,0.8326717019081116,0.5041419863700867,0.9240366816520691,0.5934680104255676,0.7737889885902405,0.9232397079467773,0.3334487676620483,0.9866714477539063,0.2932488620281219,0.7091817855834961,0.5421084761619568,0.6827557086944580,0.8941621780395508,0.63537597656250,0.7717720270156860,0.7539775371551514,0.8342869877815247,0.8170779347419739,0.8017038106918335,0.5008473396301270,0.6101405024528503,0.4509494304656982,0.6620740294456482,0.3967120945453644,0.4751570820808411,0.4071919918060303,0.7737889885902405,0.2271260023117065,0.2873467504978180,0.1792768239974976,0.3959167301654816,0.1442024409770966,0.2810735702514648,0.1319365650415421,0.04531279206275940,0.3896681070327759,0.8257703185081482,0.04765844345092773,0.3556019067764282,0.01064977329224348,0.2771103084087372,0.2587485611438751,0.8931776881217957,0.2550056874752045,0.5658349990844727,0.3146305084228516,0.8062140941619873],"verts":[-0.06705808639526367,0.4132362902164459,-0.2395044863224030,0.1316292136907578,0.3358889818191528,-0.1743051260709763,0.04216588288545609,-0.1128573492169380,-0.002149923471733928,-0.04423461854457855,-0.8192701935768127,-0.1248622387647629,-0.1253797858953476,0.6709306836128235,-0.08180809766054153,-0.02022141218185425,0.1337040513753891,-0.6640437841415405,0.05039468407630920,0.7808890938758850,-0.002250070217996836,-0.07293122261762619,0.700016200542450,0.1011457070708275,-0.04120946303009987,0.1651670932769775,0.6237686276435852,0.04943927749991417,0.4988586306571960,0.2068190723657608,-0.1857391148805618,0.06847044825553894,0.0008582049049437046,-0.04428116977214813,-0.8193367719650269,0.1248776912689209]}
